State - Time (s),State - Flight Stage,State - PX (m),State - PY (m),State - PZ (m),State - VX (m/s),State - VY (m/s),State - VZ (m/s),State - AX (m/s/s),State - AY (m/s/s),State - AZ (m/s/s),State - Apogee Est (m),State - Time to Apogee (s),State - Off-Vert Angle (deg),State - Time in Stage (s),MS5611 - Pres (hPa),MS5611 - Temp (C),MS5611 - Alt ASL (m),MAX-M10S - Lat (deg),MAX-M10S - Lon (deg),MAX-M10S - Alt (m),MAX-M10S - vN (m/s),MAX-M10S - vE (m/s),MAX-M10S - vD (m/s),MAX-M10S - Fix Quality,MAX-M10S - Time of Day,BMI088 - Acc X (m/s^2),BMI088 - Acc Y (m/s^2),BMI088 - Acc Z (m/s^2),BMI088 - Gyro X (rad/s),BMI088 - Gyro Y (rad/s),BMI088 - Gyro Z (rad/s),MotorDriver - Motor Position,MotorDriver - Motor Angle,MotorDriver - Motor Velocity,MotorDriver - Battery Voltage,Bat Voltage - Voltage (V)
0.000,0,39.083,-75.883,0.831,0.024,-0.110,0.096,0.197,0.023,0.092,0.000,0.000,179.283,1997.871,1014.260,32.100,-8.401,39.0824117,-75.8755236,-18.021,0.042,0.027,0.006,30,13:23:53,-9.898,0.115,0.338,0.045,-0.100,-0.013,0.001,0.0,0.072,21.695,3.960
0.271,0,39.085,-75.881,0.830,0.045,-0.071,0.101,-0.006,0.124,0.052,0.000,0.000,179.659,1998.141,1014.270,32.100,-8.484,39.0824118,-75.8755236,-18.038,-0.042,0.047,0.063,31,13:23:53,-9.855,0.294,0.280,0.132,-0.053,-0.081,0.001,0.0,0.024,21.683,3.943
0.541,0,39.086,-75.879,0.891,0.053,-0.041,0.146,-0.054,0.213,0.029,0.000,0.000,179.571,1998.413,1014.270,32.100,-8.484,39.0824119,-75.8755235,-18.074,0.023,-0.003,0.046,31,13:23:54,-9.826,0.381,0.388,-0.009,-0.026,-0.002,0.001,0.0,0.023,21.692,3.949
0.813,0,39.086,-75.877,0.770,0.055,-0.018,0.040,-0.066,0.090,0.123,0.000,0.000,179.692,1998.684,1014.270,32.100,-8.484,39.0824121,-75.8755235,-18.083,0.027,0.005,-0.012,31,13:23:54,-9.927,0.316,0.201,0.066,0.011,0.028,0.001,0.0,0.005,21.692,3.960
1.088,0,39.087,-75.876,0.806,0.069,0.006,0.078,0.067,0.083,0.128,0.000,0.000,179.669,1998.958,1014.260,32.090,-8.401,39.0824124,-75.8755235,-18.117,0.050,-0.016,0.061,31,13:23:54,-9.934,0.180,0.230,-0.009,-0.034,0.017,0.001,0.0,-0.011,21.715,3.937
1.356,0,39.086,-75.875,0.851,0.058,0.010,0.121,0.020,-0.027,0.106,0.000,0.000,179.819,1999.227,1014.280,32.100,-8.567,39.0824126,-75.8755236,-18.129,-0.110,-0.011,-0.065,31,13:23:54,-9.912,0.165,0.194,-0.100,-0.026,0.107,0.001,0.0,-0.010,21.697,3.960
1.630,0,39.086,-75.875,0.966,0.043,0.004,0.210,-0.062,-0.011,0.049,0.000,0.000,179.277,1999.501,1014.230,32.100,-8.151,39.0824128,-75.8755237,-18.149,-0.007,-0.018,-0.044,31,13:23:55,-9.855,0.165,0.244,0.013,-0.053,-0.070,0.001,0.0,0.001,21.686,3.960
1.906,0,39.083,-75.875,0.819,0.006,0.003,0.067,-0.058,-0.045,0.068,0.000,0.000,179.218,1999.776,1014.280,32.100,-8.567,39.0824130,-75.8755238,-18.164,-0.009,-0.028,-0.055,31,13:23:55,-9.876,0.108,0.172,-0.002,-0.011,0.009,0.001,0.0,0.032,21.690,3.954
2.174,0,39.081,-75.875,0.924,-0.029,0.013,0.168,-0.260,0.069,0.115,0.000,0.000,179.090,2000.045,1014.260,32.110,-8.401,39.0824132,-75.8755238,-18.182,-0.020,0.007,0.072,31,13:23:55,-9.920,0.330,0.251,0.058,0.028,0.117,0.001,0.0,-0.019,21.697,3.949
2.447,0,39.080,-75.874,0.804,-0.046,0.016,0.044,-0.052,-0.025,0.050,0.000,0.000,179.705,2000.318,1014.280,32.100,-8.567,39.0824134,-75.8755238,-18.203,0.020,0.008,0.015,31,13:23:55,-9.855,0.251,0.187,-0.058,0.038,0.064,0.001,0.0,0.009,21.702,3.949
2.721,0,39.081,-75.875,0.966,-0.019,0.000,0.183,0.052,-0.022,0.143,0.000,0.000,179.492,2000.593,1014.250,32.100,-8.317,39.0824136,-75.8755239,-18.215,-0.140,0.063,0.031,30,13:23:56,-9.948,0.172,0.259,0.036,-0.017,-0.026,0.001,0.0,-0.003,21.690,3.954
2.996,0,39.082,-75.877,0.816,-0.011,-0.029,0.049,0.031,-0.238,0.087,0.000,0.000,179.260,2000.867,1014.290,32.100,-8.650,39.0824138,-75.8755240,-18.246,0.041,-0.023,-0.079,30,13:23:56,-9.898,0.158,0.072,0.064,0.038,0.081,0.001,0.0,-0.018,21.695,3.960
3.266,0,39.082,-75.878,0.866,0.001,-0.041,0.096,0.000,-0.014,0.073,0.000,0.000,179.256,2001.137,1014.260,32.110,-8.401,39.0824140,-75.8755241,-18.268,-0.058,0.039,-0.027,30,13:23:56,-9.876,0.208,0.294,-0.006,-0.049,-0.096,0.001,0.0,-0.019,21.695,3.954
3.541,0,39.083,-75.879,0.876,0.010,-0.056,0.099,-0.026,-0.065,0.008,0.000,0.000,179.091,2001.413,1014.260,32.100,-8.401,39.0824143,-75.8755241,-18.293,0.037,-0.012,-0.044,30,13:23:57,-9.812,0.273,0.244,0.028,0.036,-0.011,0.001,0.0,-0.010,21.692,3.949
3.819,0,39.084,-75.879,0.803,0.033,-0.053,0.050,0.248,-0.010,0.142,0.000,0.000,178.723,2001.690,1014.280,32.100,-8.567,39.0824144,-75.8755244,-18.292,0.034,0.006,-0.003,30,13:23:57,-9.948,0.165,0.323,0.079,0.021,0.051,0.001,0.0,0.037,21.699,3.949
4.095,0,39.087,-75.878,0.955,0.078,-0.044,0.198,0.194,-0.154,0.137,0.000,0.000,179.337,2001.966,1014.260,32.090,-8.401,39.0824147,-75.8755245,-18.302,-0.003,-0.010,0.003,30,13:23:57,-9.948,0.057,0.158,0.017,0.030,-0.060,0.001,0.0,-0.014,21.708,3.937
4.366,0,39.086,-75.881,0.888,0.056,-0.120,0.119,-0.275,-1.011,0.019,0.000,0.000,178.787,2002.236,1014.270,32.100,-8.484,39.0824148,-75.8755246,-18.326,0.001,-0.022,-0.022,30,13:23:57,-9.855,0.273,-0.711,0.019,-0.002,0.109,0.001,0.0,0.021,21.679,3.949
4.624,1,39.134,-76.381,3.700,0.673,-7.993,14.286,9.487,-19.232,47.336,-5.490,0.000,164.909,0.082,1013.910,32.040,-5.490,39.0824156,-75.8755247,-18.366,0.967,-0.156,0.545,29,13:23:58,-60.257,-9.726,-0.036,-0.509,-0.132,-0.136,0.001,0.0,0.044,21.702,3.954
4.895,1,39.133,-76.531,8.544,0.912,-11.099,28.879,1.176,-15.746,62.049,-0.499,0.000,167.000,0.353,1013.310,32.070,-0.499,39.0824187,-75.8755227,-18.919,2.062,1.023,1.588,27,13:23:58,-73.531,0.625,2.428,0.009,-0.026,0.015,0.001,0.0,0.013,21.679,3.949
5.169,1,39.155,-76.686,18.134,1.319,-12.986,44.445,6.285,-17.180,60.374,8.990,0.000,167.213,0.627,1012.170,32.080,8.990,39.0824260,-75.8755064,-21.996,1.768,6.716,17.040,26,13:23:58,-72.511,-1.551,0.424,-0.053,0.185,0.352,0.001,0.0,-0.003,21.711,3.954
5.439,1,39.238,-76.728,31.454,3.139,-13.861,59.811,12.771,-14.554,60.610,22.324,0.000,167.741,0.896,1010.570,32.100,22.324,39.0824343,-75.8754849,-23.015,4.115,11.101,1.155,23,13:23:58,-72.992,-2.428,-0.251,-0.401,0.356,0.190,0.001,0.0,0.003,21.681,3.954
5.711,1,39.403,-76.715,49.665,5.754,-13.075,75.520,11.307,-5.078,59.210,40.100,0.000,167.702,1.169,1008.440,32.100,40.100,39.0824346,-75.8754437,-22.269,2.348,18.716,-3.443,20,13:23:59,-69.710,-0.237,7.614,-0.790,-0.089,-0.077,0.001,0.0,0.009,21.683,3.943
5.981,1,39.494,-76.701,71.660,6.745,-13.279,89.930,8.985,-16.898,53.601,62.092,0.000,166.946,1.439,1005.810,32.100,62.092,39.0824666,-75.8754026,-25.587,4.825,14.389,8.307,18,13:23:59,-66.161,0.639,-3.089,-0.908,-0.098,0.094,0.001,0.0,-0.008,21.690,3.949
6.258,1,39.548,-76.759,98.070,7.393,-13.760,103.889,9.448,-13.836,51.460,88.744,0.000,166.032,1.716,1002.630,32.090,88.744,39.0824941,-75.8753652,-29.793,12.357,11.287,9.139,12,13:23:59,-63.518,0.402,-0.266,-0.969,-0.115,0.087,0.001,0.0,-0.041,21.674,3.949
6.524,1,39.553,-76.679,128.024,7.520,-12.620,113.113,3.377,-4.182,1.820,119.505,0.000,165.515,1.986,998.970,32.100,119.505,39.0825471,-75.8753493,-34.903,16.371,3.095,2.787,12,13:24:00,-12.627,0.122,-2.162,-1.351,-0.179,-0.113,0.001,0.0,-0.030,21.702,3.943
6.789,2,19.987,-38.675,159.414,-12.049,25.136,111.682,-0.267,0.255,-11.968,150.357,0.000,164.622,0.062,995.310,32.050,150.357,39.0825766,-75.8753422,-35.461,16.371,3.095,2.787,0,13:24:00,2.176,0.172,-0.165,-1.127,-0.043,0.109,0.006,0.0,-0.004,21.770,3.954
7.056,2,-0.897,1.852,192.350,-26.796,53.816,111.330,1.402,1.001,-12.660,183.926,0.000,164.877,0.329,991.340,32.050,183.926,39.0826061,-75.8753350,-36.018,16.371,3.095,2.787,0,13:24:00,2.737,-0.524,-1.824,-1.238,0.136,0.043,0.460,1.4,-5.953,21.766,3.949
7.327,2,17.922,-34.723,247.400,-5.021,10.618,129.081,1.551,-1.983,-13.099,242.189,0.000,165.405,0.600,984.480,32.040,242.189,39.0826875,-75.8754048,13.291,25.068,-9.245,-89.022,11,13:24:00,2.593,3.024,-1.135,-1.225,-0.058,0.040,2.673,8.2,-8.773,21.823,3.949
7.603,2,39.118,-75.869,319.078,13.269,-24.572,156.273,-0.507,0.078,-12.513,315.182,0.000,165.829,0.876,975.940,32.020,315.182,39.0827599,-75.8754718,61.853,17.348,-8.381,-111.344,9,13:24:01,2.722,0.259,0.302,-1.197,-0.030,0.087,5.215,16.0,-9.491,21.830,3.954
7.879,2,39.790,-77.208,415.076,10.518,-19.819,198.076,0.944,2.651,-11.719,413.951,0.000,166.190,1.152,964.480,32.010,413.951,39.0827577,-75.8754922,100.013,10.768,-5.572,-101.979,8,13:24:01,2.133,-0.251,-2.636,-1.257,0.181,0.064,7.832,24.1,-9.550,21.814,3.949
8.152,2,39.642,-76.881,524.285,8.200,-14.603,241.397,-1.657,5.623,-11.213,517.609,0.000,166.421,1.424,952.570,32.010,517.609,39.0827592,-75.8755096,125.041,10.456,-5.675,-98.541,9,13:24:01,2.464,-2.679,-4.805,-1.099,0.230,0.113,10.395,32.0,-9.417,21.795,3.954
8.427,2,39.524,-76.631,578.677,6.498,-10.925,227.625,3.669,-5.696,-15.332,566.009,0.000,167.500,1.700,947.050,32.010,566.009,39.0827675,-75.8755353,160.387,9.957,-4.606,-95.835,9,13:24:01,4.159,4.001,6.565,-0.918,0.043,-0.019,13.006,40.0,-9.563,21.818,3.954
8.696,2,39.387,-76.447,599.576,4.278,-8.620,189.809,-5.095,0.899,-13.793,584.834,0.000,165.752,1.972,944.910,32.010,584.834,39.0827889,-75.8755521,190.577,9.846,-4.257,-94.310,0,13:24:02,4.726,-4.245,-1.508,-0.995,0.296,-0.104,15.563,47.9,-9.559,21.791,3.954
8.967,2,-0.265,0.517,618.127,-28.632,55.499,158.733,-5.952,5.356,-11.613,605.634,0.000,165.292,2.240,942.550,31.950,605.634,39.0828066,-75.8755619,209.439,9.846,-4.257,-94.310,0,13:24:02,3.599,-1.616,-7.197,-1.102,0.111,-0.064,18.170,55.9,-9.709,21.784,3.949
9.238,2,35.301,-68.583,622.837,7.132,-14.427,122.569,11.007,-12.944,-30.355,609.429,0.000,165.883,2.510,942.120,31.900,609.429,39.0828138,-75.8755749,236.077,9.609,-3.623,-82.122,11,13:24:02,16.047,-5.926,20.450,-1.334,0.430,-0.192,19.485,60.0,-0.371,21.850,3.949
9.516,2,39.523,-76.758,623.785,8.391,-17.565,90.706,-1.140,-7.161,-19.759,611.547,0.000,169.402,2.789,941.880,31.860,611.547,39.0828453,-75.8755978,263.606,9.604,-5.233,-77.998,12,13:24:03,8.663,-8.505,2.047,-1.161,-0.558,-0.030,19.503,60.0,-0.062,21.873,3.949
9.792,2,39.468,-76.786,626.498,5.461,-13.133,69.012,1.151,6.114,-13.058,615.079,0.000,166.609,3.065,941.480,31.840,615.079,39.0828686,-75.8756240,290.062,9.049,-5.681,-75.449,13,13:24:03,4.173,5.366,1.745,-1.221,-0.196,0.087,19.507,60.0,-0.000,21.866,3.960
10.069,2,39.394,-76.613,631.116,4.733,-10.345,53.270,11.481,0.906,-15.600,619.142,0.000,166.114,3.342,941.020,31.830,619.142,39.0828886,-75.8756509,314.580,9.028,-5.685,-72.166,13,13:24:03,3.785,-4.173,11.593,-1.210,0.175,-0.009,19.509,60.0,-0.043,21.866,3.954
10.341,2,39.318,-76.423,634.132,3.561,-8.053,40.186,0.443,3.476,-10.516,622.058,0.000,166.891,3.614,940.690,31.840,622.058,39.0829005,-75.8756706,330.043,8.650,-5.360,-69.156,12,13:24:03,1.142,2.270,2.514,-1.029,0.079,-0.085,19.510,60.0,-0.003,21.880,3.943
10.593,2,39.278,-76.298,640.014,2.849,-5.787,33.678,1.553,-0.183,-11.382,629.748,0.000,166.431,3.865,939.820,31.830,629.748,39.0829304,-75.8757128,362.171,8.278,-5.308,-64.724,14,13:24:04,1.171,-1.688,0.833,-0.976,0.305,0.011,19.510,60.0,0.025,21.873,3.949
10.869,2,39.207,-76.192,644.173,1.564,-4.650,26.310,0.047,-7.371,-15.898,635.144,0.000,165.834,4.142,939.210,31.820,635.144,39.0829556,-75.8757521,390.399,7.956,-4.904,-60.171,16,13:24:04,4.942,-4.374,-6.917,-0.903,0.036,-0.072,19.510,60.0,0.012,21.882,3.949
11.142,2,39.147,-76.108,646.644,0.779,-3.471,19.664,-0.467,-3.379,-11.288,635.410,0.000,165.857,4.414,939.180,31.820,635.410,39.0829691,-75.8757771,410.139,8.106,-4.913,-57.340,14,13:24:04,1.200,-0.445,-3.491,-0.850,0.136,0.017,19.510,60.0,-0.042,21.887,3.954
11.395,2,39.123,-76.036,650.076,0.466,-1.841,15.680,-1.710,8.955,-9.054,639.392,0.000,164.625,4.667,938.730,31.800,639.392,39.0829857,-75.8758093,439.140,8.090,-5.604,-52.837,18,13:24:04,0.747,1.106,9.050,-0.835,0.205,-0.173,19.509,60.0,-0.017,21.884,3.954
11.670,2,39.100,-75.945,653.445,0.301,-0.948,12.239,3.218,-0.569,-10.489,644.705,0.000,165.304,4.943,938.130,31.770,644.705,39.0830036,-75.8758359,465.283,7.960,-4.440,-48.684,17,13:24:05,-0.251,-2.952,-1.537,-0.833,0.484,-0.011,19.509,60.0,-0.002,21.875,3.960
11.943,2,39.075,-75.889,658.769,-0.258,-0.004,11.452,0.516,0.753,-11.846,649.665,0.000,165.166,5.215,937.570,31.760,649.665,39.0830148,-75.8758508,480.368,7.932,-4.174,-46.292,18,13:24:05,1.868,-1.221,0.007,-0.816,-0.072,0.023,19.509,60.0,-0.027,21.891,3.960
12.196,2,39.065,-75.883,662.480,-0.234,-0.122,9.462,-0.053,1.196,-10.862,652.767,0.000,163.380,5.468,937.220,31.740,652.767,39.0830298,-75.8758714,501.467,7.704,-3.799,-42.674,20,13:24:05,1.099,-0.955,0.646,-0.814,-0.226,0.011,19.509,60.0,0.011,21.880,3.954
12.467,2,39.072,-75.890,666.668,-0.169,-0.265,8.182,1.367,-0.971,-11.609,657.200,0.000,162.390,5.739,936.720,31.740,657.200,39.0830445,-75.8758876,512.827,7.758,-3.881,-40.209,22,13:24:05,1.200,-0.237,-2.133,-0.822,-0.055,-0.051,19.509,60.0,0.040,21.871,3.949
12.719,2,39.071,-75.892,669.863,-0.172,-0.232,6.739,-1.716,0.340,-10.022,661.279,0.000,160.778,5.991,936.260,31.720,661.279,39.0830623,-75.8759089,528.760,7.617,-3.836,-37.196,22,13:24:06,0.812,0.388,1.516,-0.709,-0.134,0.126,19.508,60.0,-0.027,21.887,3.954
12.994,2,39.070,-75.894,672.760,-0.189,-0.291,5.068,-0.115,-0.251,-10.795,664.030,0.000,160.132,6.267,935.950,31.720,664.030,39.0830784,-75.8759285,544.761,7.510,-3.721,-34.063,21,13:24:06,0.955,0.194,-0.309,-0.443,-0.053,0.205,19.508,60.0,-0.001,21.905,3.954
13.270,2,39.063,-75.893,676.741,-0.358,-0.250,4.701,-0.104,0.533,-10.295,667.491,0.000,158.996,6.542,935.560,31.700,667.491,39.0830925,-75.8759426,559.688,7.441,-3.535,-30.922,23,13:24:06,0.481,-0.546,-0.022,-0.494,-0.175,0.124,19.506,60.0,0.023,21.903,3.943
13.543,2,39.061,-75.890,681.600,-0.346,-0.228,5.177,-1.222,-0.704,-9.979,673.084,0.000,157.244,6.815,934.930,31.680,673.084,39.0830989,-75.8759510,569.961,7.300,-3.415,-28.866,22,13:24:07,0.682,0.661,1.056,-0.409,0.015,0.107,19.504,60.0,0.009,21.909,3.954
13.795,2,39.055,-75.891,684.965,-0.473,-0.233,4.700,-1.717,-0.575,-9.353,675.838,0.000,155.576,7.067,934.620,31.640,675.838,39.0831076,-75.8759646,582.653,7.259,-3.388,-25.849,21,13:24:07,0.366,0.323,1.803,-0.450,-0.019,0.128,19.503,60.0,-0.005,21.898,3.954
14.068,3,39.051,-75.890,685.775,-0.529,-0.202,1.979,-1.089,0.142,-9.684,676.637,0.000,153.397,0.000,934.550,31.620,676.459,39.0831143,-75.8759756,590.194,7.227,-3.278,-23.749,25,13:24:07,0.352,-0.431,0.955,-0.490,-0.230,0.055,19.502,60.0,0.019,21.887,3.954
14.327,4,39.055,-75.890,690.405,-0.409,-0.218,3.565,0.158,-1.418,-9.866,681.702,0.000,150.119,0.136,933.960,31.560,681.702,39.0831279,-75.8759912,599.662,7.244,-3.236,-20.501,26,13:24:07,0.208,1.365,0.366,-0.582,-0.349,0.075,17.571,54.1,10.190,21.905,3.954
14.601,4,39.076,-75.876,691.443,0.030,0.102,0.892,0.224,-0.023,-10.401,682.413,0.000,144.677,0.410,933.900,31.580,682.235,39.0831378,-75.8760007,604.299,6.851,-3.323,-18.739,24,13:24:08,0.359,0.215,-0.474,-0.633,-0.335,0.058,14.820,45.6,10.097,21.893,3.954
14.876,4,39.093,-75.868,691.992,0.170,0.089,-1.302,0.903,-0.165,-10.175,682.946,0.000,139.998,0.686,933.840,31.580,682.769,39.0831605,-75.8760184,611.957,6.952,-3.148,-14.794,22,13:24:08,-0.223,0.761,-0.589,-0.516,-0.509,0.092,12.052,37.1,10.137,21.896,3.943
15.147,4,39.080,-75.871,692.705,-0.117,-0.052,-2.595,-1.775,-3.458,-7.566,683.836,0.000,135.264,0.956,933.720,31.580,683.836,39.0831721,-75.8760268,615.363,7.036,-3.097,-13.089,23,13:24:08,0.632,0.201,4.439,-0.575,-0.234,-0.021,9.340,28.7,9.709,21.884,3.954
15.420,4,39.067,-75.892,692.210,-0.355,-0.285,-4.555,-0.574,-0.522,-8.523,683.836,0.000,130.333,1.230,933.800,31.570,683.124,39.0831887,-75.8760402,620.094,6.910,-3.014,-10.013,23,13:24:08,-0.251,-0.761,1.271,-0.658,-0.390,-0.015,6.610,20.3,10.028,21.891,3.954
15.695,4,39.078,-75.911,692.754,-0.105,-0.518,-5.419,-1.706,0.968,-11.535,683.836,0.000,123.964,1.505,933.720,31.560,683.836,39.0832039,-75.8760537,623.556,6.715,-2.823,-7.091,25,13:24:09,1.659,-0.603,-1.925,-0.618,-0.652,-0.115,3.924,12.1,9.564,21.871,3.954
15.970,4,39.074,-75.917,693.265,-0.177,-0.598,-5.957,0.094,-0.313,-10.153,684.369,0.000,116.954,1.779,933.670,31.550,684.280,39.0832211,-75.8760637,625.699,6.974,-2.628,-4.470,27,13:24:09,0.266,0.381,0.093,-0.695,-0.486,-0.198,1.534,4.7,7.161,21.736,3.960
16.239,4,39.066,-75.905,693.820,-0.326,-0.354,-6.428,0.094,-0.049,-9.413,684.991,0.000,108.850,2.048,933.600,31.550,684.903,39.0832330,-75.8760696,626.735,6.832,-2.646,-2.452,25,13:24:09,-0.165,-0.273,0.259,-0.539,-0.496,-0.413,0.300,0.9,1.079,21.590,3.943
16.512,4,39.068,-75.899,693.796,-0.199,-0.350,-7.262,0.324,-0.377,-9.398,684.991,0.000,99.516,2.322,933.630,31.540,684.636,39.0832509,-75.8760792,627.591,6.912,-2.756,0.439,27,13:24:10,-0.022,-0.230,0.603,-0.667,-0.420,-0.467,0.173,0.5,0.144,21.569,3.954
16.786,4,39.065,-75.730,690.478,-0.295,2.664,-9.262,0.076,-0.802,-9.430,687.037,0.000,90.597,2.595,933.720,31.530,683.836,39.0832687,-75.8760883,627.735,6.777,-2.512,3.165,26,13:24:10,0.510,-0.194,0.704,-0.222,-0.418,-0.439,0.118,0.4,0.157,21.526,3.954
17.056,4,39.070,-75.745,691.743,-0.202,1.913,-8.371,-0.269,-0.291,-9.232,687.037,0.000,80.180,2.865,933.840,31.510,682.769,39.0832786,-75.8760921,627.371,5.659,-1.464,4.873,25,13:24:10,0.481,-0.496,0.115,-0.107,-0.401,-0.709,0.099,0.3,0.035,21.480,3.954
17.328,4,39.070,-75.781,689.612,-0.224,1.359,-10.431,-0.079,-1.365,-8.088,687.037,0.000,68.657,3.138,934.120,31.500,680.280,39.0832938,-75.8760974,626.311,5.428,-1.459,7.574,26,13:24:10,1.623,-1.049,1.049,-0.241,-0.083,-0.807,0.067,0.2,0.045,21.469,3.949
17.604,4,39.067,-75.803,686.432,-0.235,0.992,-12.891,-0.177,-0.501,-9.354,687.037,0.000,55.743,3.413,934.470,31.480,677.170,39.0833101,-75.8761023,624.518,5.436,-1.565,10.462,28,13:24:11,0.668,-0.079,0.194,-0.224,-0.194,-0.788,0.066,0.2,-0.027,21.430,3.954
17.877,4,39.073,-75.825,682.537,-0.184,0.727,-15.354,-1.420,0.527,-8.806,687.037,0.000,44.863,3.687,934.910,31.480,673.262,39.0833251,-75.8761076,621.435,5.351,-1.699,12.918,26,13:24:11,1.063,-0.460,-1.401,-0.332,0.096,-0.720,0.066,0.2,-0.016,21.430,3.960
18.146,4,39.065,-75.838,678.269,-0.296,0.556,-17.608,-0.119,-0.786,-9.697,687.037,0.000,37.714,3.956,935.370,31.490,669.177,39.0833346,-75.8761113,618.923,5.349,-1.572,14.780,27,13:24:11,0.517,0.445,0.424,-0.447,-0.075,-0.341,0.066,0.2,-0.003,21.416,3.954
18.419,4,39.063,-75.853,673.236,-0.319,0.299,-20.102,0.061,-0.174,-9.406,687.037,0.000,34.623,4.229,935.960,31.480,663.941,39.0833491,-75.8761163,614.436,5.293,-1.458,17.660,28,13:24:11,0.388,-0.180,0.122,-0.435,-0.130,-0.179,0.066,0.2,0.020,21.400,3.943
18.685,4,39.061,-75.865,667.248,-0.391,0.132,-22.728,-2.302,0.032,-9.916,687.037,0.000,35.401,4.498,936.650,31.490,657.820,39.0833632,-75.8761215,609.025,5.266,-1.580,20.301,27,13:24:12,0.690,1.659,-1.444,-0.300,-0.066,0.094,0.066,0.2,0.003,21.386,3.954
18.936,4,39.071,-75.884,661.027,-0.080,-0.130,-24.745,0.141,0.154,-6.044,687.037,0.000,38.412,4.746,937.360,31.470,651.526,39.0833722,-75.8761250,605.005,5.099,-1.472,21.953,27,13:24:12,2.758,-2.356,-1.034,-0.603,-0.109,0.411,0.066,0.2,0.021,21.405,3.949
19.210,4,39.088,-75.891,654.552,0.160,-0.240,-26.311,1.070,-0.390,-7.280,687.037,0.000,42.953,5.019,938.060,31.470,645.325,39.0833857,-75.8761302,598.566,5.104,-1.670,24.218,28,13:24:12,1.551,-2.291,-0.208,-0.607,-0.062,0.185,0.066,0.2,-0.012,21.393,3.949
19.479,4,39.107,-75.877,648.432,0.536,0.023,-26.333,3.324,-1.261,-1.854,687.037,0.000,46.580,5.288,938.770,31.480,639.038,39.0833950,-75.8761336,593.938,5.444,-1.778,25.436,29,13:24:12,4.461,-7.370,-1.314,-0.147,-0.173,0.198,0.065,0.2,0.043,21.379,3.949
19.753,4,39.115,-75.858,642.308,0.516,0.434,-26.649,-1.491,5.135,-2.002,687.037,0.000,51.730,5.566,939.500,31.460,632.579,39.0834147,-75.8761429,583.961,6.374,-2.536,26.886,29,13:24:13,2.191,-3.728,-8.418,-0.254,-0.213,-0.264,0.066,0.2,0.030,21.375,3.949
20.004,4,39.130,-75.854,633.375,0.731,0.257,-30.181,1.340,-1.804,-7.984,687.037,0.000,42.830,5.813,940.540,31.460,623.383,39.0834256,-75.8761492,578.582,6.594,-3.082,28.361,28,13:24:13,1.810,-2.083,0.876,-0.737,0.322,-0.952,0.066,0.2,-0.016,21.377,3.960
20.278,4,39.118,-75.866,622.439,0.366,0.079,-34.270,-3.215,-1.208,-10.804,687.037,0.000,29.542,6.087,941.690,31.450,613.225,39.0834421,-75.8761602,570.091,6.677,-3.373,30.627,28,13:24:13,0.424,3.290,1.336,-0.482,0.918,-0.810,0.066,0.2,-0.007,21.359,3.949
20.551,4,39.070,-76.079,613.576,-0.183,-3.617,-33.111,4.736,19.409,-5.918,687.037,0.000,24.864,6.361,942.790,31.450,603.517,39.0834531,-75.8761672,564.231,6.114,-3.075,31.885,29,13:24:14,-5.042,1.868,-19.631,-2.254,-1.419,0.888,0.057,0.2,0.270,21.348,3.954
20.822,4,39.079,-76.175,608.190,0.038,-5.049,-22.098,-1.314,-17.363,69.391,687.037,0.000,63.321,6.632,943.110,31.450,600.695,39.0834694,-75.8761787,555.244,5.514,-3.246,28.909,29,13:24:14,43.851,-56.737,-37.868,4.709,-3.100,4.427,0.032,0.1,0.005,21.336,3.943
21.099,4,38.677,-76.385,606.382,-7.935,-7.857,-21.538,-10.155,5.612,-49.028,687.037,0.000,161.773,6.909,943.730,31.440,595.229,39.0834846,-75.8761893,548.179,5.025,-2.470,22.032,27,13:24:14,40.238,-5.524,4.798,4.387,2.934,7.385,0.032,0.1,0.052,21.320,3.943
21.375,4,38.906,-76.113,618.289,-1.191,-3.094,-6.688,5.444,-5.295,31.745,687.037,0.000,74.849,7.184,941.580,31.440,614.196,39.0834938,-75.8761931,541.245,0.479,1.579,25.056,28,13:24:14,12.936,5.229,-39.872,0.686,4.018,1.289,0.032,0.1,-0.032,21.325,3.949
21.643,4,38.972,-76.192,596.600,-2.842,-6.001,-19.768,-20.133,-10.332,19.697,687.037,0.000,43.274,7.453,944.850,31.420,585.362,39.0834959,-75.8761918,536.032,2.479,-0.567,26.186,28,13:24:15,6.005,-1.013,-36.683,-0.763,-0.818,-0.375,0.032,0.1,-0.010,21.316,3.954
21.918,4,38.904,-76.232,592.736,-2.192,-5.121,-16.571,9.561,2.878,-1.988,687.037,0.000,89.341,7.728,945.030,31.390,583.777,39.0835036,-75.8761914,529.140,0.925,0.598,20.845,28,13:24:15,10.049,5.667,-5.272,-5.145,-2.591,-2.797,0.032,0.1,0.002,21.318,3.949
22.192,4,39.061,-76.136,581.907,0.072,-3.692,-24.606,2.916,0.141,-12.671,687.037,0.000,141.579,8.001,946.450,31.350,571.283,39.0835056,-75.8761876,523.452,1.645,1.161,19.105,29,13:24:15,3.857,-0.417,1.286,-3.984,1.417,-2.425,0.032,0.1,0.037,21.309,3.960
22.462,4,39.098,-76.076,567.987,0.233,-3.032,-33.251,-0.085,-0.880,-11.138,687.037,0.000,176.399,8.272,947.820,31.320,559.244,39.0835079,-75.8761850,519.709,2.294,0.955,20.414,29,13:24:15,1.250,-0.855,-0.503,-2.970,2.030,-0.573,0.032,0.1,-0.009,21.363,3.943
22.736,4,39.077,-76.072,569.269,-0.317,-3.391,-26.957,-2.538,-9.559,-7.987,687.037,0.000,145.518,8.545,947.370,31.310,563.197,39.0835142,-75.8761823,512.971,2.978,0.907,25.110,29,13:24:16,2.916,-2.801,-9.208,-2.045,2.832,0.799,0.032,0.1,-0.026,21.393,3.954
23.010,4,38.904,-76.257,564.602,-3.417,-6.512,-22.442,-8.161,-10.316,1.264,687.037,0.000,135.583,8.820,948.370,31.300,554.414,39.0835218,-75.8761764,504.681,2.599,2.804,26.972,28,13:24:16,0.237,4.259,-16.657,1.468,-1.404,0.360,0.032,0.1,0.003,21.423,3.949
23.285,4,38.823,-76.285,547.201,-4.137,-6.147,-32.426,-3.523,-2.635,-5.469,687.037,0.000,147.884,9.094,950.250,31.250,537.923,39.0835224,-75.8761579,496.946,-1.069,6.228,25.122,27,13:24:16,-1.997,0.524,-5.825,1.408,-1.174,0.758,0.032,0.1,-0.015,21.464,3.943
23.555,4,38.772,-76.230,539.829,-5.239,-5.138,-31.779,-6.110,3.833,-3.479,687.037,0.000,148.894,9.365,950.990,31.190,531.440,39.0835185,-75.8761428,492.025,-2.253,6.685,25.968,28,13:24:17,-2.413,6.759,-6.371,1.624,-2.506,1.410,0.032,0.1,0.015,21.473,3.943
23.824,4,38.848,-76.065,544.019,-2.851,-2.133,-19.641,10.772,6.653,15.361,687.037,0.000,126.450,9.634,950.370,31.160,536.872,39.0835086,-75.8761193,484.138,-4.834,6.372,27.241,28,13:24:17,-4.956,27.654,2.140,2.706,-2.143,0.997,0.032,0.1,-0.023,21.510,3.949
24.099,4,39.080,-76.014,533.839,0.964,-2.418,-21.748,10.186,-7.734,0.535,687.037,0.000,135.604,9.908,952.080,31.130,521.896,39.0834955,-75.8761009,476.364,-4.469,4.564,26.149,24,13:24:17,-1.781,16.276,-1.580,5.738,-2.199,-0.479,0.032,0.1,-0.018,21.510,3.954
24.374,4,39.185,-76.100,517.630,1.572,-3.739,-31.233,-0.359,-5.107,-3.644,687.037,0.000,162.123,10.184,953.630,31.110,508.341,39.0834909,-75.8760917,469.687,0.402,2.926,21.966,27,13:24:17,-6.141,4.224,-2.945,4.417,-1.736,0.117,0.032,0.1,-0.028,21.535,3.954
24.646,4,39.172,-76.133,511.137,1.170,-4.037,-30.060,-4.041,-1.428,-2.683,687.037,0.000,163.381,10.455,954.290,31.110,502.575,39.0834911,-75.8760831,465.398,0.698,4.450,22.400,27,13:24:18,-6.594,4.690,1.918,3.202,-1.764,1.008,0.032,0.1,0.019,21.562,3.954
24.920,4,39.091,-76.062,509.335,-0.236,-2.447,-25.536,-5.562,5.143,0.725,687.037,0.000,136.834,10.730,954.440,31.120,501.264,39.0834920,-75.8760650,458.709,-0.243,4.902,23.252,27,13:24:18,-2.270,12.211,3.757,3.025,-0.599,1.545,0.032,0.1,-0.011,21.567,3.954
25.193,4,38.987,-75.952,505.558,-1.925,-0.841,-21.291,-5.195,2.645,5.135,687.037,0.000,125.716,11.003,955.160,31.110,494.978,39.0834873,-75.8760498,451.557,-2.419,3.283,24.034,27,13:24:18,-4.303,15.185,-2.873,-0.004,-0.635,-0.224,0.032,0.1,0.019,21.581,3.954
25.466,4,38.932,-75.885,493.713,-2.480,0.196,-26.455,-1.530,4.864,-0.389,687.037,0.000,135.152,11.276,956.440,31.100,483.812,39.0834805,-75.8760434,447.025,-3.901,2.155,22.737,28,13:24:18,-2.866,9.194,4.690,-0.952,-1.129,-1.432,0.032,0.1,-0.028,21.590,3.949
25.718,4,38.999,-75.818,486.110,-0.753,0.990,-26.964,5.309,-0.810,-2.507,687.037,0.000,148.171,11.528,957.370,31.080,475.707,39.0834655,-75.8760365,440.568,-4.952,0.625,23.228,28,13:24:19,-5.243,-1.789,7.176,0.484,0.335,-1.660,0.032,0.1,-0.011,21.581,3.954
25.989,4,39.114,-75.856,478.207,1.194,-0.055,-27.518,11.356,-6.913,1.429,687.037,0.000,160.590,11.798,958.100,31.070,469.349,39.0834572,-75.8760355,436.155,-3.403,-0.317,23.242,28,13:24:19,-7.779,-9.065,12.663,1.734,0.712,-1.206,0.032,0.1,0.009,21.597,3.954
26.263,4,39.197,-75.933,472.219,2.011,-1.438,-27.572,4.101,-10.303,-2.209,687.037,0.000,166.448,12.072,958.820,31.070,463.082,39.0834489,-75.8760353,429.394,-1.697,-0.036,23.116,27,13:24:19,-4.863,-7.068,10.351,3.596,0.168,-1.153,0.032,0.1,-0.002,21.622,3.954
26.534,4,39.231,-76.108,464.222,2.338,-4.694,-27.898,-0.911,-15.725,-1.801,687.037,0.000,169.316,12.343,959.830,31.070,454.298,39.0834462,-75.8760347,424.664,-0.970,0.258,24.637,27,13:24:19,-5.538,-3.491,16.413,2.450,1.498,-1.219,0.032,0.1,0.015,21.612,3.949
26.808,4,39.165,-76.187,458.892,0.716,-4.442,-27.863,-8.554,3.461,-4.158,687.037,0.000,138.562,12.618,960.180,31.070,451.256,39.0834463,-75.8760231,415.396,0.535,4.860,23.152,28,13:24:20,1.077,-10.731,0.883,1.998,1.645,-2.433,0.032,0.1,-0.022,21.601,3.954
27.083,4,39.023,-76.067,456.873,-1.233,-2.322,-20.162,-1.054,5.350,13.101,687.037,0.000,114.134,12.892,960.570,31.070,447.866,39.0834462,-75.8760057,408.041,-1.701,4.156,25.321,25,13:24:20,-4.841,-22.885,2.737,3.558,1.530,-0.058,0.032,0.1,-0.001,21.610,3.949
27.354,4,39.023,-75.921,444.930,-0.712,-0.245,-25.087,4.608,3.390,-6.894,687.037,0.000,137.155,13.164,962.090,31.060,434.668,39.0834408,-75.8759977,403.304,-4.263,2.614,22.488,25,13:24:20,0.661,-6.271,1.214,3.564,2.163,-0.156,0.032,0.1,0.037,21.603,3.954
27.627,4,39.161,-75.931,436.438,1.821,-1.395,-26.658,6.803,-10.396,-1.151,687.037,0.000,158.745,13.437,962.960,31.050,427.122,39.0834300,-75.8759929,396.951,-3.501,0.789,22.603,28,13:24:21,-10.846,-10.559,0.467,5.397,0.959,0.200,0.032,0.1,-0.045,21.603,3.943
27.903,4,39.204,-76.010,429.802,1.782,-2.252,-27.294,-0.625,-4.151,-5.474,687.037,0.000,158.789,13.712,963.700,31.040,420.707,39.0834246,-75.8759889,390.191,-1.077,1.793,22.618,28,13:24:21,-5.294,-2.888,-0.244,4.202,1.082,-0.330,0.032,0.1,0.011,21.638,3.949
28.177,4,39.135,-76.049,425.618,0.512,-2.685,-24.959,-1.878,-1.780,-1.330,687.037,0.000,140.312,13.986,964.130,31.030,416.982,39.0834221,-75.8759817,383.286,-1.257,2.469,23.830,28,13:24:21,-6.752,-4.575,-3.477,2.881,1.129,-0.565,0.032,0.1,-0.001,21.631,3.954
28.446,4,39.067,-76.014,423.502,-0.512,-2.001,-20.882,-2.840,1.116,5.500,687.037,0.000,121.036,14.256,964.440,31.030,414.297,39.0834191,-75.8759759,378.685,-1.920,2.755,23.817,27,13:24:21,-6.048,-13.260,-5.595,2.444,0.737,-0.920,0.032,0.1,0.010,21.624,3.943
28.698,4,39.016,-75.985,416.816,-1.257,-1.560,-21.244,-2.706,-0.047,6.939,687.037,0.000,110.986,14.507,965.320,31.020,406.679,39.0834118,-75.8759675,371.771,-3.299,1.904,23.366,27,13:24:22,-5.006,-16.190,0.812,0.931,0.403,-0.484,0.032,0.1,-0.009,21.633,3.943
28.970,4,38.984,-75.948,410.864,-1.604,-0.896,-20.465,-0.533,2.835,7.823,687.037,0.000,109.873,14.780,966.010,31.010,400.709,39.0834003,-75.8759624,365.253,-4.658,1.290,22.706,28,13:24:22,-3.635,-17.490,-0.352,0.835,1.549,0.473,0.032,0.1,0.046,21.617,3.949
29.242,4,39.012,-75.874,401.146,-0.779,0.389,-23.596,3.243,4.610,-3.547,687.037,0.000,128.033,15.052,967.200,31.000,390.422,39.0833909,-75.8759603,360.953,-5.457,0.601,21.821,28,13:24:22,0.144,-8.117,-2.255,1.272,1.745,1.491,0.032,0.1,0.007,21.628,3.954
29.515,4,39.143,-75.843,393.459,1.774,0.220,-25.369,13.609,-7.694,-1.534,687.037,0.000,146.917,15.324,967.900,30.990,384.376,39.0833782,-75.8759626,354.511,-4.115,-1.045,21.892,27,13:24:23,-4.216,-8.979,-14.646,2.706,0.714,1.114,0.032,0.1,0.040,21.633,3.954
29.788,4,39.293,-75.976,384.466,3.531,-2.028,-28.064,4.013,-5.949,-5.963,687.037,0.000,163.068,15.598,968.910,30.990,375.659,39.0833714,-75.8759663,347.822,-0.847,-0.140,22.354,27,13:24:23,-5.595,-5.014,-3.139,3.645,-0.049,2.339,0.032,0.1,-0.026,21.610,3.949
30.059,4,39.243,-76.011,382.237,1.907,-2.114,-24.481,-9.442,-1.499,1.812,687.037,0.000,132.838,15.869,969.000,30.970,374.882,39.0833713,-75.8759657,343.163,-0.101,0.351,23.100,25,13:24:23,-3.297,8.871,-11.701,3.302,1.106,1.753,0.032,0.1,0.012,21.597,3.949
30.332,4,39.098,-76.008,381.027,-0.216,-1.966,-18.044,-5.083,-1.059,7.119,687.037,0.000,118.698,16.142,969.590,30.950,369.793,39.0833698,-75.8759630,336.072,-1.614,0.785,23.130,24,13:24:23,-5.689,1.595,-16.693,2.714,-0.121,0.209,0.032,0.1,-0.003,21.597,3.937
30.604,4,39.021,-75.993,370.759,-1.243,-1.735,-22.452,-5.135,-0.370,0.404,687.037,0.000,122.969,16.414,970.620,30.910,360.916,39.0833628,-75.8759596,329.439,-3.557,0.683,21.301,27,13:24:24,-3.577,-3.139,-10.401,0.535,-0.298,1.084,0.032,0.1,-0.009,21.610,3.960
30.880,4,38.992,-75.940,362.336,-1.170,-0.724,-23.978,4.430,1.803,-0.477,687.037,0.000,128.797,16.690,971.610,30.870,352.390,39.0833527,-75.8759565,322.937,-4.755,0.412,21.789,28,13:24:24,-4.475,7.643,-5.617,0.654,-1.104,1.387,0.032,0.1,-0.013,21.612,3.949
31.151,4,39.084,-75.911,358.468,0.463,-0.565,-22.343,5.276,-0.827,-2.698,687.037,0.000,130.075,16.961,971.940,30.830,349.549,39.0833449,-75.8759561,318.554,-4.233,-0.380,21.782,26,13:24:24,-3.433,6.867,-4.489,2.548,-0.217,0.780,0.032,0.1,-0.015,21.578,3.954
31.402,4,39.168,-75.915,353.513,1.727,-0.571,-22.409,6.852,0.415,0.592,687.037,0.000,123.810,17.211,972.700,30.780,343.011,39.0833366,-75.8759586,311.777,-2.791,-0.578,22.728,27,13:24:24,-3.053,1.623,-11.974,2.474,0.379,-0.358,0.032,0.1,-0.011,21.612,3.954
31.670,4,39.245,-75.895,345.256,2.930,-0.214,-23.506,6.230,0.653,2.054,687.037,0.000,125.862,17.484,973.600,30.750,335.273,39.0833324,-75.8759615,305.007,-0.775,-1.271,22.640,28,13:24:25,-5.071,-2.665,-12.132,-0.548,-1.076,-0.066,0.032,0.1,-0.006,21.606,3.960
31.922,4,39.285,-75.867,334.640,3.062,0.240,-28.943,-0.110,1.027,-10.382,687.037,0.000,137.675,17.732,974.730,30.720,325.567,39.0833320,-75.8759644,300.667,0.092,-2.015,22.050,28,13:24:25,1.106,-0.237,-0.338,-1.035,-1.361,-0.933,0.032,0.1,-0.035,21.601,3.949
32.200,4,39.203,-75.883,329.277,1.079,-0.581,-27.128,-9.529,-10.065,4.873,687.037,0.000,129.411,18.009,975.370,30.720,320.073,39.0833344,-75.8759713,293.900,0.833,-2.501,24.477,27,13:24:25,-9.682,-17.102,4.633,-1.709,-0.232,-1.133,0.032,0.1,-0.017,21.597,3.943
32.471,4,39.062,-75.989,324.637,-0.657,-1.939,-23.792,-1.587,0.236,-0.674,687.037,0.000,124.135,18.280,975.760,30.730,316.726,39.0833342,-75.8759767,289.228,-1.311,-1.649,23.567,28,13:24:25,-4.295,-4.511,-6.874,-0.554,0.030,0.247,0.032,0.1,0.027,21.612,3.937
32.743,4,39.017,-75.993,317.322,-1.298,-1.972,-24.430,-3.014,-3.601,0.567,687.037,0.000,128.153,18.553,976.870,30.730,307.209,39.0833284,-75.8759803,282.529,-2.503,-1.129,22.412,28,13:24:26,-7.255,-7.678,-4.259,0.575,-0.398,0.513,0.032,0.1,-0.008,21.592,3.943
33.019,4,39.003,-76.020,307.379,-1.263,-2.388,-27.532,-2.737,-5.866,-0.861,687.037,0.000,139.588,18.829,977.960,30.720,297.870,39.0833207,-75.8759844,275.778,-3.542,-1.137,22.358,26,13:24:26,-9.007,-6.199,1.559,1.551,-0.298,0.560,0.032,0.1,-0.032,21.574,3.943
33.294,4,39.009,-76.095,300.288,-0.967,-3.603,-27.488,1.966,-4.615,-2.323,687.037,0.000,140.547,19.104,978.770,30.710,290.937,39.0833116,-75.8759871,268.920,-3.846,-0.140,22.757,26,13:24:26,-8.979,-0.244,-0.740,1.195,0.818,-0.034,0.032,0.1,0.005,21.610,3.949
33.566,4,39.058,-76.082,295.952,-0.261,-3.042,-25.476,0.857,0.261,-4.133,687.037,0.000,126.381,19.376,979.260,30.720,286.744,39.0833049,-75.8759861,264.422,-3.335,0.528,22.681,27,13:24:27,-3.433,-3.670,-2.787,1.227,0.477,-1.140,0.032,0.1,0.001,21.581,3.954
33.836,4,39.101,-76.029,290.040,0.535,-2.175,-23.088,4.786,0.968,5.703,687.037,0.000,115.049,19.646,980.040,30.720,280.075,39.0832962,-75.8759839,257.500,-2.822,0.116,23.542,25,13:24:27,-7.607,-13.260,-5.552,0.720,-0.716,-0.162,0.032,0.1,0.002,21.610,3.949
34.111,4,39.099,-76.003,283.320,0.136,-1.869,-22.763,-0.990,-0.316,-3.839,687.037,0.000,123.955,19.921,980.780,30.720,273.750,39.0832882,-75.8759855,251.087,-2.612,-0.987,21.108,26,13:24:27,-3.247,-5.078,0.639,-0.942,-0.345,0.761,0.032,0.1,0.003,21.601,3.949
34.385,4,39.076,-75.999,275.287,-0.202,-1.995,-25.041,-1.059,-2.941,-2.295,687.037,0.000,130.300,20.197,981.770,30.720,265.296,39.0832798,-75.8759884,244.774,-2.864,-1.121,22.115,27,13:24:27,-6.421,-4.985,0.402,-1.905,0.177,0.202,0.032,0.1,-0.030,21.594,3.960
34.655,4,39.073,-76.017,270.498,-0.144,-2.287,-23.539,-0.304,-1.956,-0.948,687.037,0.000,127.718,20.464,982.200,30.730,261.626,39.0832765,-75.8759894,242.633,-2.855,-1.021,22.260,27,13:24:28,-6.831,-3.678,-4.719,-1.994,0.296,-0.038,0.032,0.1,-0.033,21.583,3.954
34.906,4,39.072,-76.019,265.165,-0.203,-2.132,-23.246,-1.022,-0.414,0.157,687.037,0.000,127.227,20.715,982.910,30.710,255.570,39.0832652,-75.8759929,234.037,-2.823,-0.838,22.127,26,13:24:28,-6.113,-2.212,-7.635,-0.961,0.043,0.058,0.032,0.1,-0.008,21.585,3.954
35.176,4,39.070,-75.995,258.424,-0.246,-1.895,-23.579,-0.705,-1.651,-2.334,687.037,0.000,132.052,20.985,983.690,30.700,248.920,39.0832595,-75.8759951,229.734,-2.984,-0.820,22.598,26,13:24:28,-5.897,-0.833,-4.863,-1.246,-0.447,-0.045,0.032,0.1,0.005,21.594,3.943
35.450,4,39.069,-76.003,251.091,-0.201,-2.133,-24.781,0.442,-4.084,1.053,687.037,0.000,135.242,21.260,984.550,30.680,241.593,39.0832513,-75.8759992,223.261,-2.917,-1.067,22.462,28,13:24:28,-10.422,1.875,-4.769,-2.235,-0.134,0.147,0.032,0.1,-0.018,21.594,3.954
35.723,4,39.082,-76.022,245.095,0.036,-2.181,-24.384,0.386,-0.070,-2.736,687.037,0.000,131.747,21.532,985.160,30.680,236.399,39.0832437,-75.8760028,216.509,-2.675,-0.770,22.389,27,13:24:29,-4.834,4.899,-1.681,-1.006,0.354,0.313,0.032,0.1,-0.003,21.592,3.943
36.000,4,39.092,-75.996,240.509,-0.029,-1.851,-21.947,-4.679,-3.878,6.642,687.037,0.000,127.397,21.810,985.660,30.650,232.144,39.0832362,-75.8760059,209.764,-2.554,-1.087,23.150,28,13:24:29,-10.178,7.068,-12.412,1.116,0.268,-0.433,0.032,0.1,0.006,21.578,3.949
36.274,4,39.051,-76.013,233.218,-0.695,-2.157,-23.146,-2.795,-1.412,-4.822,687.037,0.000,133.889,22.084,986.700,30.590,223.298,39.0832285,-75.8760100,203.167,-3.230,-0.931,21.620,28,13:24:29,-2.658,-0.237,-5.251,0.822,-0.036,-0.601,0.032,0.1,0.017,21.585,3.960
36.542,4,38.999,-76.051,225.632,-1.596,-3.131,-24.777,-3.504,-5.637,-0.785,687.037,0.000,134.023,22.355,987.500,30.550,216.499,39.0832224,-75.8760120,198.759,-3.818,-0.626,22.591,27,13:24:30,-7.219,-3.060,-8.002,-0.537,-0.181,0.652,0.032,0.1,-0.029,21.594,3.949
36.794,4,38.952,-76.086,219.156,-2.026,-3.119,-24.741,0.733,1.011,0.736,687.037,0.000,131.424,22.604,988.240,30.510,210.214,39.0832106,-75.8760121,192.069,-4.849,0.474,22.515,28,13:24:30,-6.400,7.757,-3.412,-0.658,-0.957,1.104,0.032,0.1,-0.004,21.585,3.949
37.068,4,39.010,-76.029,214.127,-0.901,-2.225,-22.882,0.487,0.305,0.218,687.037,0.000,130.995,22.878,988.870,30.460,204.866,39.0832016,-75.8760109,187.637,-5.269,0.373,21.982,27,13:24:30,-6.271,7.097,-3.347,1.385,-0.801,0.251,0.032,0.1,-0.016,21.599,3.949
37.342,4,39.073,-76.006,207.618,0.231,-1.995,-23.553,4.756,-0.748,-2.251,687.037,0.000,132.925,23.152,989.580,30.420,198.842,39.0831895,-75.8760122,181.029,-4.114,-0.489,21.954,27,13:24:30,-4.676,7.628,-0.503,1.773,-0.258,0.177,0.032,0.1,-0.004,21.599,3.949
37.616,4,39.142,-75.992,200.447,1.153,-1.786,-24.765,2.753,-1.103,-2.530,687.037,0.000,133.122,23.425,990.490,30.400,191.127,39.0831823,-75.8760134,176.541,-3.516,-0.310,22.421,27,13:24:31,-5.409,3.979,-4.087,2.177,0.109,-0.475,0.032,0.1,0.001,21.594,3.960
37.892,4,39.171,-75.978,194.033,1.300,-1.464,-24.303,-0.592,0.378,-1.013,687.037,0.000,130.535,23.702,991.190,30.400,185.196,39.0831725,-75.8760163,167.351,-2.046,-0.832,23.218,27,13:24:31,-5.552,-3.800,-5.710,1.136,-0.571,-0.912,0.032,0.1,0.016,21.601,3.966
38.164,4,39.120,-75.968,186.020,0.225,-1.567,-25.179,-4.215,-1.021,0.530,687.037,0.000,131.904,23.974,992.180,30.390,176.814,39.0831694,-75.8760190,162.726,-1.780,-1.190,23.089,27,13:24:31,-6.436,-9.115,-1.106,0.927,-0.763,-0.194,0.032,0.1,-0.008,21.601,3.960
38.416,4,39.061,-75.993,179.290,-0.604,-1.916,-25.867,-3.944,-3.199,-1.288,687.037,0.000,133.598,24.225,992.930,30.360,170.468,39.0831631,-75.8760236,155.903,-3.239,-1.091,22.885,26,13:24:31,-6.206,-6.766,3.757,0.729,-0.217,-0.055,0.032,0.1,-0.008,21.581,3.949
38.683,4,38.974,-76.039,172.262,-1.942,-2.746,-25.074,-1.531,-3.710,1.417,687.037,0.000,137.562,24.497,993.840,30.360,162.774,39.0831533,-75.8760263,149.032,-4.478,-0.274,22.305,26,13:24:32,-10.631,-5.265,-1.192,-1.040,1.202,1.244,0.032,0.1,0.004,21.583,3.949
38.956,4,39.027,-76.049,167.500,-0.407,-2.890,-22.642,6.376,-3.853,4.496,687.037,0.000,139.165,24.766,994.380,30.360,158.211,39.0831445,-75.8760267,144.579,-5.163,-0.132,21.694,26,13:24:32,-12.003,4.827,-9.632,-0.102,0.205,0.884,0.032,0.1,-0.041,21.590,3.949
39.229,4,39.165,-76.083,160.167,1.810,-3.520,-22.608,7.961,-4.992,7.009,687.037,0.000,146.412,25.039,995.230,30.360,151.032,39.0831340,-75.8760269,138.228,-2.868,-0.028,20.464,26,13:24:32,-16.118,3.290,-10.027,1.180,-1.178,-0.558,0.032,0.1,-0.001,21.601,3.949
39.499,4,39.161,-76.161,154.958,0.563,-5.289,-19.055,-10.064,-12.497,14.449,687.037,0.000,147.245,25.308,995.870,30.370,145.630,39.0831308,-75.8760262,134.249,-1.105,0.507,19.567,27,13:24:32,-23.495,-7.341,15.493,0.867,-0.160,0.141,0.032,0.1,0.023,21.612,3.960
39.770,4,39.031,-76.305,150.163,-1.259,-7.471,-14.769,-1.436,-9.062,9.943,687.037,0.000,152.669,25.579,996.450,30.370,140.737,39.0831274,-75.8760213,129.008,-2.315,2.029,15.032,27,13:24:33,-21.750,-0.898,0.718,-0.814,1.858,0.714,0.032,0.1,-0.015,21.592,3.954
40.042,4,39.088,-76.332,146.735,0.594,-7.219,-12.204,7.658,-4.840,2.637,687.037,0.000,149.866,25.852,996.840,30.370,137.448,39.0831193,-75.8760095,125.525,-2.519,4.002,9.443,25,13:24:33,-10.939,6.386,-8.749,-0.305,-0.354,-0.058,0.032,0.1,0.027,21.599,3.954
40.316,4,39.168,-76.321,144.341,1.323,-6.824,-10.979,-2.180,-5.486,1.011,687.037,0.000,155.379,26.126,997.120,30.370,135.088,39.0831157,-75.8759940,122.892,-0.286,4.415,8.327,26,13:24:33,-11.837,-1.128,3.247,0.543,-1.302,-0.972,0.032,0.1,-0.011,21.603,3.960
40.588,4,39.066,-76.291,142.376,-0.805,-6.394,-9.277,-7.323,-3.229,1.888,687.037,0.000,152.561,26.398,997.360,30.370,133.065,39.0831157,-75.8759832,121.322,0.245,4.831,8.049,25,13:24:34,-10.106,-5.057,8.555,0.978,0.462,0.111,0.032,0.1,0.006,21.592,3.954
40.858,4,38.996,-76.237,139.963,-1.448,-5.576,-9.102,0.681,-2.369,-0.074,687.037,0.000,156.072,26.668,997.660,30.370,130.537,39.0831135,-75.8759648,119.129,-1.575,5.362,6.933,26,13:24:34,-9.790,-1.228,-1.875,1.006,1.368,0.268,0.032,0.1,0.016,21.581,3.960
41.110,4,39.038,-76.221,138.148,-0.398,-5.260,-8.475,2.662,-4.208,0.855,687.037,0.000,152.576,26.919,997.840,30.360,129.020,39.0831080,-75.8759451,117.135,-1.622,5.454,6.561,26,13:24:34,-10.070,-0.122,-6.091,0.499,0.109,0.151,0.032,0.1,-0.003,21.606,3.960
41.386,4,39.076,-76.203,136.194,-0.047,-4.837,-8.201,-0.090,-2.961,-0.838,687.037,0.000,156.918,27.195,998.110,30.360,126.746,39.0831059,-75.8759251,115.113,-0.358,6.086,6.563,27,13:24:34,-9.280,-0.294,-1.753,-0.094,-0.771,0.162,0.032,0.1,-0.002,21.587,3.954
41.657,4,39.052,-76.149,134.624,-0.719,-4.233,-7.625,-3.605,-2.026,0.417,687.037,0.000,160.051,27.467,998.280,30.350,125.314,39.0831054,-75.8759112,113.778,-0.451,5.946,6.791,25,13:24:35,-10.394,-1.013,3.556,-0.239,-0.473,0.036,0.032,0.1,0.027,21.590,3.943
41.908,4,39.002,-76.122,132.737,-1.537,-3.666,-7.685,-5.071,-1.658,-0.122,687.037,0.000,161.484,27.717,998.510,30.350,123.377,39.0831031,-75.8758911,111.872,-1.521,5.827,6.469,25,13:24:35,-9.776,-1.523,4.942,-0.839,0.379,0.162,0.032,0.1,0.020,21.581,3.954
42.183,4,38.947,-76.090,130.626,-2.208,-3.185,-7.731,-2.371,-1.731,-0.362,687.037,0.000,159.388,27.993,998.770,30.350,121.188,39.0830985,-75.8758714,109.873,-2.225,5.691,6.453,25,13:24:35,-9.884,-0.409,-0.187,-1.042,0.901,0.624,0.032,0.1,-0.005,21.608,3.954
42.454,4,38.970,-76.056,129.024,-1.599,-2.831,-7.053,1.418,-1.857,1.296,687.037,0.000,152.195,28.264,998.950,30.350,119.673,39.0830941,-75.8758589,108.537,-2.747,5.592,6.365,24,13:24:35,-9.481,3.455,-5.193,-0.575,-0.015,0.281,0.032,0.1,-0.017,21.601,3.943
42.726,4,39.008,-76.046,127.120,-1.091,-2.567,-7.015,-1.002,-0.992,-0.100,687.037,0.000,160.756,28.535,999.180,30.340,117.737,39.0830878,-75.8758404,106.647,-2.061,5.374,5.976,24,13:24:36,-9.603,1.092,-1.688,0.317,-0.727,-0.386,0.032,0.1,-0.014,21.608,3.949
42.999,4,38.986,-76.026,125.523,-1.802,-2.229,-6.618,-6.199,-0.596,1.744,687.037,0.000,171.056,28.809,999.360,30.340,116.223,39.0830834,-75.8758224,104.615,-2.207,5.077,6.404,24,13:24:36,-12.060,-2.694,4.425,0.469,-0.307,-0.247,0.032,0.1,0.003,21.601,3.960
43.273,4,38.925,-75.999,123.797,-2.656,-1.760,-6.514,-4.527,0.325,0.224,687.037,0.000,169.557,29.082,999.560,30.330,114.540,39.0830762,-75.8758055,102.703,-3.764,4.691,6.171,26,13:24:36,-10.487,-2.184,2.557,0.411,0.443,0.317,0.032,0.1,0.015,21.615,3.954
43.543,4,38.911,-75.966,122.173,-2.638,-1.329,-6.424,-0.521,-0.664,0.517,687.037,0.000,159.616,29.353,999.760,30.330,112.857,39.0830694,-75.8757951,101.406,-4.419,4.266,6.197,26,13:24:37,-9.927,0.963,-2.808,0.528,0.626,0.324,0.032,0.1,-0.005,21.606,3.949
43.813,4,38.948,-75.958,120.697,-1.984,-1.298,-6.429,0.156,-0.926,-3.406,687.037,0.000,155.745,29.623,999.940,30.330,111.343,39.0830578,-75.8757814,99.578,-4.120,3.880,6.102,24,13:24:37,-5.797,1.142,-2.643,0.663,-0.134,0.006,0.032,0.1,-0.015,21.606,3.949
44.087,4,38.979,-75.957,118.461,-1.525,-1.237,-7.290,-1.225,-1.086,-2.063,687.037,0.000,160.834,29.897,1000.220,30.320,108.989,39.0830472,-75.8757685,97.669,-4.119,3.649,6.911,24,13:24:37,-7.736,0.963,-1.386,0.535,-0.545,-0.128,0.032,0.1,-0.015,21.578,3.937
44.358,4,38.976,-75.944,116.844,-1.889,-1.043,-6.691,-3.907,-0.333,2.178,687.037,0.000,167.754,30.168,1000.360,30.330,107.812,39.0830400,-75.8757603,96.202,-4.110,3.778,7.667,23,13:24:37,-12.491,0.129,1.745,0.366,-0.305,-0.058,0.032,0.1,-0.005,21.594,3.954
44.632,4,38.949,-75.935,115.060,-2.181,-0.882,-6.987,-3.086,-0.185,-0.395,687.037,0.000,168.025,30.442,1000.570,30.320,106.046,39.0830282,-75.8757480,93.868,-4.877,3.231,7.201,22,13:24:38,-9.754,-0.180,1.738,0.028,0.117,-0.045,0.032,0.1,-0.014,21.599,3.949
44.907,4,38.938,-75.927,113.136,-2.245,-0.783,-7.257,-1.975,-0.833,0.330,687.037,0.000,162.959,30.717,1000.830,30.310,103.861,39.0830137,-75.8757387,91.774,-5.527,2.730,7.786,20,13:24:38,-10.343,-0.323,-0.575,-0.187,0.354,-0.130,0.032,0.1,0.008,21.608,3.954
45.182,4,38.957,-75.926,111.092,-1.801,-0.773,-7.429,0.155,-0.847,-0.697,687.037,0.000,159.508,30.991,1001.090,30.310,101.676,39.0829987,-75.8757307,89.574,-5.785,2.444,8.035,21,13:24:38,-8.612,-0.345,-3.081,-0.545,0.028,0.043,0.032,0.1,-0.038,21.587,3.954
45.451,4,38.988,-75.941,109.388,-1.476,-1.209,-6.604,-1.378,-3.610,3.602,687.037,0.000,162.985,31.261,1001.290,30.310,99.996,39.0829886,-75.8757257,88.117,-5.411,2.201,7.790,20,13:24:38,-13.432,2.859,-2.492,-0.398,-0.373,-0.017,0.032,0.1,0.015,21.594,3.949
45.725,4,38.985,-75.970,107.209,-1.598,-1.580,-6.691,-2.303,-2.133,2.041,687.037,0.000,166.688,31.535,1001.510,30.300,98.148,39.0829732,-75.8757194,86.065,-5.583,2.082,6.866,22,13:24:39,-12.240,0.611,0.338,-0.219,-0.247,-0.492,0.032,0.1,-0.017,21.603,3.954
45.999,4,38.969,-75.972,105.168,-1.802,-1.414,-6.559,-1.799,-0.436,1.393,687.037,0.000,165.087,31.808,1001.790,30.300,95.796,39.0829573,-75.8757126,84.140,-6.081,1.935,6.562,21,13:24:39,-11.198,-1.860,0.259,-0.251,0.055,0.015,0.032,0.1,0.024,21.587,3.943
46.273,4,38.969,-75.966,103.725,-1.725,-1.425,-6.129,-0.837,-2.157,0.940,687.037,0.000,166.075,32.083,1001.980,30.290,94.201,39.0829396,-75.8757078,82.367,-6.657,1.336,6.178,20,13:24:39,-10.947,0.682,-0.790,-0.260,0.200,0.173,0.032,0.1,-0.065,21.597,3.954
46.543,4,38.993,-75.984,102.185,-1.307,-1.846,-6.022,0.438,-2.912,-0.085,687.037,0.000,165.349,32.353,1002.150,30.290,92.773,39.0829276,-75.8757051,81.239,-6.657,1.401,5.900,20,13:24:40,-9.754,2.097,-1.925,-0.092,0.083,0.028,0.032,0.1,-0.011,21.585,3.943
46.817,4,39.021,-76.000,100.124,-0.883,-2.019,-6.348,0.437,-1.980,-0.067,687.037,0.000,164.712,32.627,1002.380,30.290,90.842,39.0829101,-75.8757008,79.671,-6.733,1.720,5.934,20,13:24:40,-9.776,0.488,-1.796,0.009,-0.309,-0.337,0.032,0.1,-0.035,21.603,3.954
47.090,4,39.034,-76.002,98.230,-0.761,-1.969,-6.560,-0.952,-1.788,0.095,687.037,0.000,164.092,32.900,1002.610,30.280,88.912,39.0828932,-75.8756960,78.122,-6.631,1.811,6.139,20,13:24:40,-10.085,-0.704,0.129,-0.153,-0.211,-0.260,0.032,0.1,0.010,21.581,3.943
47.361,4,39.032,-76.003,96.631,-0.829,-2.073,-6.454,-0.959,-2.403,-0.298,687.037,0.000,164.195,33.171,1002.790,30.280,87.402,39.0828827,-75.8756927,77.049,-6.737,1.882,6.340,20,13:24:40,-9.833,-0.208,0.654,-0.262,0.028,0.011,0.032,0.1,0.004,21.592,3.966
47.633,4,39.035,-76.010,95.020,-0.728,-2.202,-6.512,0.110,-3.062,1.287,687.037,0.000,163.325,33.443,1003.000,30.280,85.640,39.0828652,-75.8756867,75.268,-7.066,2.084,6.610,20,13:24:41,-11.478,0.431,-0.769,-0.349,0.266,-0.038,0.032,0.1,-0.016,21.597,3.954
47.906,4,39.050,-76.033,93.293,-0.432,-2.525,-6.303,0.696,-2.817,-0.523,687.037,0.000,162.035,33.717,1003.210,30.270,83.878,39.0828479,-75.8756800,73.550,-6.240,3.059,7.195,23,13:24:41,-9.568,0.955,-1.487,-0.211,0.200,-0.028,0.032,0.1,-0.015,21.583,3.949
48.179,4,39.069,-76.045,91.597,-0.134,-2.667,-6.545,0.512,-2.562,-1.829,687.037,0.000,159.909,33.989,1003.420,30.250,82.117,39.0828297,-75.8756763,72.546,-5.572,3.508,7.562,24,13:24:41,-8.303,0.532,-1.135,-0.038,-0.013,-0.341,0.032,0.1,-0.004,21.601,3.949
48.451,4,39.082,-76.040,89.800,0.015,-2.677,-6.411,0.186,-3.111,3.407,687.037,0.000,158.698,34.261,1003.600,30.240,80.607,39.0828197,-75.8756690,71.179,-5.162,4.187,8.758,22,13:24:41,-13.475,-1.006,-1.343,-0.187,-0.100,0.036,0.032,0.1,0.008,21.592,3.960
48.724,4,39.083,-76.047,88.228,-0.019,-2.673,-6.509,-0.408,-3.135,-0.074,687.037,0.000,160.967,34.534,1003.790,30.240,79.014,39.0828053,-75.8756562,68.887,-4.946,4.898,9.091,20,13:24:42,-10.221,-0.244,0.503,-0.315,-0.124,0.089,0.032,0.1,-0.012,21.608,3.960
48.998,4,39.077,-76.064,86.602,-0.073,-2.941,-6.353,0.472,-2.578,-2.189,687.037,0.000,162.172,34.807,1004.010,30.230,77.169,39.0827913,-75.8756409,66.384,-5.261,5.244,9.176,21,13:24:42,-8.030,0.632,-0.259,-0.522,0.228,0.185,0.032,0.1,0.045,21.585,3.960
49.272,4,39.088,-76.065,84.919,0.122,-2.814,-6.912,0.348,-0.512,-8.246,687.037,0.000,161.707,35.082,1004.210,30.220,75.493,39.0827755,-75.8756266,64.368,-4.786,5.885,9.494,22,13:24:42,-1.631,0.330,-0.251,-0.518,0.205,-0.083,0.032,0.1,0.004,21.610,3.949
49.542,4,39.113,-76.060,83.041,0.607,-2.949,-6.275,1.563,-3.155,2.365,687.037,0.000,160.345,35.352,1004.430,30.230,73.649,39.0827645,-75.8756183,63.237,-4.611,6.152,10.916,21,13:24:43,-12.527,0.998,-1.645,-0.622,-0.249,-0.273,0.032,0.1,-0.024,21.601,3.954
49.793,4,39.121,-76.059,81.412,0.586,-2.824,-6.701,0.134,-2.555,-0.429,687.037,0.000,160.231,35.602,1004.640,30.220,71.890,39.0827513,-75.8756001,60.880,-4.342,6.127,8.916,19,13:24:43,-9.704,-0.575,-0.244,-0.692,-0.158,-0.268,0.032,0.1,-0.001,21.594,3.954
50.062,4,39.111,-76.047,79.868,0.433,-2.738,-6.515,0.487,-2.503,-1.055,687.037,0.000,160.802,35.872,1004.810,30.220,70.466,39.0827434,-75.8755867,59.215,-4.522,5.828,8.426,19,13:24:43,-9.115,-0.194,-0.172,-0.771,-0.032,0.166,0.032,0.1,0.009,21.574,3.960
50.336,4,39.112,-76.046,78.116,0.472,-2.698,-6.694,0.761,-2.558,0.098,687.037,0.000,162.901,36.146,1005.000,30.220,68.874,39.0827317,-75.8755661,56.685,-4.213,5.782,8.559,23,13:24:43,-10.250,0.417,-0.244,-0.739,-0.002,0.062,0.032,0.1,0.012,21.578,3.949
50.612,4,39.121,-76.050,76.206,0.602,-2.673,-6.824,0.534,-2.355,-0.220,687.037,0.000,163.363,36.422,1005.250,30.210,66.780,39.0827197,-75.8755481,54.566,-4.465,5.402,6.839,20,13:24:44,-9.869,0.582,-0.230,-0.801,0.021,0.043,0.032,0.1,0.003,21.587,3.960
50.888,4,39.126,-76.042,74.521,0.699,-2.475,-6.771,0.998,-1.331,-0.761,687.037,0.000,163.456,36.697,1005.450,30.200,65.105,39.0827077,-75.8755309,52.779,-4.484,5.208,6.323,23,13:24:44,-9.065,1.408,-0.704,-0.695,0.075,-0.094,0.032,0.1,-0.003,21.597,3.954
51.157,4,39.123,-76.018,72.676,0.608,-2.217,-6.796,-0.054,-1.363,-0.137,687.037,0.000,164.432,36.967,1005.660,30.210,63.347,39.0827002,-75.8755190,51.574,-4.170,5.419,6.253,22,13:24:44,-9.690,0.287,-1.207,-0.629,-0.070,-0.062,0.032,0.1,0.035,21.594,3.954
51.408,4,39.110,-76.010,70.998,0.327,-2.055,-6.836,-0.919,-1.747,-0.089,687.037,0.000,167.625,37.217,1005.860,30.190,61.673,39.0826895,-75.8755013,49.745,-3.924,5.351,6.499,21,13:24:44,-9.833,-0.747,-1.070,-0.565,-0.147,0.021,0.032,0.1,0.004,21.592,3.954
51.679,4,39.095,-76.005,69.133,0.183,-1.985,-6.897,0.361,-1.482,-0.145,687.037,0.000,169.582,37.489,1006.080,30.190,59.832,39.0826792,-75.8754828,47.702,-3.855,5.381,7.029,22,13:24:45,-9.762,0.618,0.251,-0.528,-0.104,0.230,0.032,0.1,0.007,21.592,3.960
51.949,4,39.099,-75.995,67.303,0.285,-1.891,-6.778,0.473,-1.332,0.591,687.037,0.000,169.267,37.758,1006.290,30.190,58.075,39.0826727,-75.8754702,46.237,-3.535,5.484,7.343,23,13:24:45,-10.394,1.207,0.833,-0.592,-0.023,0.045,0.032,0.1,0.014,21.585,3.949
52.222,4,39.099,-75.987,65.510,0.231,-1.729,-6.700,-0.408,-1.162,0.165,687.037,0.000,170.069,38.032,1006.490,30.180,56.401,39.0826633,-75.8754516,44.321,-3.451,5.818,6.908,19,13:24:45,-10.027,0.690,0.014,-0.658,0.124,-0.079,0.032,0.1,-0.022,21.587,3.943
52.492,4,39.087,-75.975,63.588,-0.007,-1.578,-6.744,-1.052,-1.088,0.076,687.037,0.000,171.039,38.301,1006.770,30.190,54.059,39.0826573,-75.8754388,43.016,-3.314,5.511,6.946,21,13:24:45,-9.970,0.481,-0.632,-0.795,-0.064,0.047,0.032,0.1,0.009,21.597,3.949
52.765,4,39.074,-75.967,61.743,-0.185,-1.429,-6.627,-0.359,-0.851,0.754,687.037,0.000,172.043,38.579,1006.950,30.180,52.553,39.0826451,-75.8754125,40.445,-3.322,5.830,6.947,21,13:24:46,-10.573,0.725,0.366,-0.671,-0.117,-0.211,0.032,0.1,0.004,21.576,3.954
53.039,4,39.069,-75.958,59.959,-0.216,-1.300,-6.477,-0.245,-0.884,0.244,687.037,0.000,171.849,38.848,1007.180,30.180,50.630,39.0826367,-75.8754019,39.670,-3.532,5.556,6.320,22,13:24:46,-10.056,0.366,0.812,-0.663,-0.134,-0.075,0.032,0.1,0.015,21.590,3.943
53.313,4,39.071,-75.957,58.148,-0.159,-1.237,-6.496,0.077,-0.752,0.415,687.037,0.000,172.565,39.123,1007.420,30.170,48.624,39.0826243,-75.8753878,38.558,-3.283,5.161,6.314,23,13:24:46,-10.192,0.165,1.099,-0.767,0.115,0.077,0.032,0.1,-0.005,21.594,3.949
53.587,4,39.072,-75.950,56.390,-0.175,-1.128,-6.412,-0.445,-0.623,-0.131,687.037,0.000,172.945,39.397,1007.630,30.160,46.868,39.0826131,-75.8753745,37.333,-2.937,5.041,6.603,21,13:24:47,-9.675,0.733,0.345,-0.748,0.026,0.173,0.032,0.1,-0.017,21.601,3.960
53.857,4,39.065,-75.940,54.758,-0.334,-1.012,-6.282,-1.017,-0.856,0.327,687.037,0.000,172.671,39.667,1007.790,30.160,45.531,39.0826054,-75.8753658,36.516,-3.872,4.623,6.493,24,13:24:47,-10.157,1.156,-0.172,-0.354,-0.026,-0.098,0.032,0.1,-0.022,21.583,3.960
54.131,4,39.055,-75.937,52.984,-0.459,-0.973,-6.320,-0.452,-0.758,0.263,687.037,0.000,173.282,39.942,1008.000,30.150,43.776,39.0825932,-75.8753524,35.026,-3.322,4.843,6.793,26,13:24:47,-10.092,0.488,0.409,-0.130,-0.015,-0.160,0.032,0.1,-0.006,21.581,3.954
54.405,4,39.057,-75.938,51.052,-0.374,-0.991,-6.434,0.206,-1.047,0.555,687.037,0.000,172.731,40.215,1008.280,30.160,41.436,39.0825823,-75.8753363,33.399,-3.651,5.098,6.376,22,13:24:47,-10.372,-0.524,0.848,0.066,0.077,-0.113,0.032,0.1,0.003,21.599,3.960
54.681,4,39.066,-75.942,49.566,-0.223,-1.013,-6.140,-0.082,-0.850,-0.139,687.037,0.000,172.898,40.490,1008.420,30.140,40.267,39.0825718,-75.8753193,31.987,-2.886,5.347,5.887,24,13:24:48,-9.690,0.144,0.596,0.117,-0.002,0.055,0.032,0.1,-0.022,21.581,3.949
54.951,4,39.064,-75.934,47.707,-0.333,-0.897,-6.325,-0.674,-0.269,-0.098,687.037,0.000,173.447,40.761,1008.640,30.140,38.430,39.0825649,-75.8753083,31.114,-2.585,5.317,5.857,24,13:24:48,-9.661,1.156,0.417,0.209,0.011,-0.062,0.032,0.1,0.006,21.594,3.949
55.224,4,39.058,-75.927,45.742,-0.379,-0.773,-6.555,-0.208,-0.580,-0.245,687.037,0.000,174.559,41.034,1008.900,30.130,36.258,39.0825562,-75.8752900,29.249,-3.507,4.765,6.136,23,13:24:48,-9.568,0.453,0.352,0.341,-0.109,-0.102,0.032,0.1,0.044,21.578,3.954
55.494,4,39.063,-75.923,44.147,-0.294,-0.798,-6.450,-0.164,-1.115,0.085,687.037,0.000,176.382,41.304,1009.070,30.140,34.839,39.0825499,-75.8752785,27.975,-3.513,4.712,6.195,23,13:24:48,-9.955,-0.259,-0.093,0.407,-0.017,0.019,0.032,0.1,0.001,21.587,3.949
55.768,4,39.066,-75.928,42.415,-0.248,-0.876,-6.419,-0.042,-0.928,0.060,687.037,0.000,175.274,41.581,1009.270,30.130,33.169,39.0825379,-75.8752575,25.207,-3.968,3.908,7.043,24,13:24:49,-9.912,0.101,0.115,0.599,-0.068,0.079,0.032,0.1,-0.024,21.583,3.954
56.041,4,39.071,-75.925,40.527,-0.156,-0.760,-6.464,0.338,-0.032,0.383,687.037,0.000,174.008,41.850,1009.510,30.130,31.166,39.0825318,-75.8752476,23.767,-3.381,4.219,7.432,23,13:24:49,-10.113,1.063,0.776,0.528,0.083,0.062,0.032,0.1,-0.003,21.603,3.960
56.314,4,39.079,-75.918,38.853,-0.013,-0.643,-6.261,0.283,-0.572,0.899,687.037,0.000,174.176,42.123,1009.700,30.120,29.581,39.0825242,-75.8752329,21.704,-2.912,4.114,6.817,26,13:24:49,-10.710,0.632,0.029,0.460,0.217,-0.102,0.032,0.1,0.015,21.576,3.949
56.587,4,39.080,-75.920,36.996,-0.056,-0.724,-6.237,-0.165,-1.119,0.376,687.037,0.000,175.126,42.397,1009.930,30.110,27.662,39.0825174,-75.8752179,19.746,-2.608,4.328,6.185,23,13:24:50,-10.221,-0.251,-0.711,0.477,0.023,-0.058,0.032,0.1,0.017,21.565,3.949
56.856,4,39.081,-75.922,35.518,0.011,-0.751,-6.135,0.591,-0.556,-0.298,687.037,0.000,175.681,42.665,1010.110,30.120,26.160,39.0825135,-75.8752078,18.558,-2.415,4.398,5.853,23,13:24:50,-9.539,0.201,0.338,0.452,-0.013,0.023,0.032,0.1,-0.014,21.601,3.949
57.129,4,39.094,-75.919,33.746,0.243,-0.669,-6.269,0.918,-0.456,-0.321,687.037,0.000,174.793,42.939,1010.300,30.120,24.575,39.0825069,-75.8751928,16.715,-2.243,4.055,6.312,24,13:24:50,-9.510,0.496,0.639,0.341,0.094,-0.011,0.032,0.1,-0.017,21.590,3.949
57.402,4,39.100,-75.916,31.959,0.281,-0.646,-6.385,0.091,-0.703,0.035,687.037,0.000,173.476,43.212,1010.550,30.110,22.491,39.0825013,-75.8751790,14.665,-1.262,4.109,7.392,24,13:24:50,-9.855,0.237,-0.496,0.388,0.011,0.089,0.032,0.1,0.028,21.571,3.960
57.676,4,39.097,-75.918,30.077,0.199,-0.659,-6.532,-0.189,-0.488,-0.220,687.037,0.000,172.902,43.485,1010.770,30.100,20.656,39.0824987,-75.8751661,12.203,-0.159,3.783,8.856,23,13:24:51,-9.553,0.244,-0.955,0.285,-0.100,-0.051,0.032,0.1,-0.004,21.587,3.954
57.946,4,39.094,-75.914,28.397,0.189,-0.618,-6.476,0.237,-0.537,0.132,687.037,0.000,173.123,43.755,1010.960,30.110,19.072,39.0824967,-75.8751580,10.693,-1.026,3.217,7.992,22,13:24:51,-9.941,0.409,-0.438,0.315,-0.092,0.047,0.032,0.1,-0.011,21.610,3.949
58.219,4,39.098,-75.915,26.574,0.268,-0.664,-6.403,0.550,-1.131,0.761,687.037,0.000,173.583,44.029,1011.190,30.100,17.155,39.0824945,-75.8751475,8.225,-0.419,2.793,8.399,21,13:24:51,-10.645,0.036,0.136,0.239,-0.013,0.036,0.032,0.1,0.010,21.585,3.949
58.489,4,39.101,-75.923,24.953,0.301,-0.823,-6.202,0.160,-1.224,0.419,687.037,0.000,172.996,44.299,1011.370,30.110,15.655,39.0824934,-75.8751403,6.666,-0.395,3.024,8.028,22,13:24:51,-10.300,-0.158,-0.208,0.433,0.100,0.019,0.032,0.1,0.025,21.576,3.954
58.741,4,39.101,-75.932,23.261,0.261,-0.889,-6.238,-0.154,-0.787,0.590,687.037,0.000,170.705,44.550,1011.610,30.090,13.655,39.0824907,-75.8751257,4.671,-0.580,4.605,6.932,23,13:24:52,-10.379,0.424,-0.941,0.364,-0.121,0.136,0.032,0.1,-0.017,21.562,3.960
59.016,4,39.095,-75.933,21.715,0.178,-0.889,-5.987,0.008,-0.825,-0.065,687.037,0.000,170.103,44.825,1011.770,30.090,12.322,39.0824872,-75.8751108,2.696,-0.773,4.438,6.504,24,13:24:52,-9.740,0.496,-0.733,0.228,0.013,-0.017,0.032,0.1,-0.013,21.594,3.960
59.290,4,39.092,-75.933,19.986,0.128,-0.903,-6.163,-0.253,-0.995,-0.223,687.037,0.000,170.211,45.099,1011.970,30.090,10.656,39.0824837,-75.8750950,0.886,-0.938,4.703,5.996,23,13:24:52,-9.611,0.259,-0.733,0.207,-0.162,-0.092,0.032,0.1,-0.030,21.576,3.954
59.560,4,39.085,-75.936,18.249,0.001,-0.997,-6.272,-0.387,-1.343,-0.584,687.037,0.000,170.608,45.369,1012.190,30.100,8.824,39.0824816,-75.8750849,-0.353,-0.699,4.591,6.327,24,13:24:53,-9.323,-0.029,-0.388,0.026,-0.040,-0.023,0.032,0.1,-0.047,21.594,3.949
59.832,4,39.079,-75.942,16.504,-0.075,-1.102,-6.478,-0.205,-1.319,-0.795,687.037,0.000,169.008,45.642,1012.380,30.090,7.242,39.0824787,-75.8750704,-2.299,-0.520,4.588,6.910,23,13:24:53,-9.101,0.438,-0.194,-0.177,0.049,0.205,0.032,0.1,0.034,21.585,3.954
60.106,4,39.076,-75.950,14.667,-0.109,-1.164,-6.647,-0.248,-1.091,-0.455,687.037,0.000,167.550,45.917,1012.610,30.090,5.327,39.0824759,-75.8750554,-4.288,-0.934,4.973,6.544,24,13:24:53,-9.366,0.941,-0.388,-0.179,-0.002,0.126,0.032,0.1,-0.024,21.590,3.960
60.379,4,39.069,-75.950,12.918,-0.254,-1.183,-6.587,-0.776,-1.187,0.413,687.037,0.000,167.590,46.189,1012.820,30.090,3.578,39.0824735,-75.8750401,-6.424,-0.614,4.639,7.118,26,13:24:53,-10.250,0.690,-0.991,-0.102,0.017,0.047,0.032,0.1,-0.042,21.574,3.954
60.649,4,39.058,-75.952,11.281,-0.465,-1.260,-6.391,-1.339,-1.497,-0.015,687.037,0.000,168.736,46.459,1013.000,30.080,2.080,39.0824719,-75.8750296,-7.821,-0.568,4.333,7.386,26,13:24:54,-9.934,-0.065,-1.135,-0.034,-0.049,0.055,0.032,0.1,-0.004,21.578,3.954
60.922,4,39.047,-75.956,9.520,-0.581,-1.276,-6.418,-0.733,-1.021,0.154,687.037,0.000,169.249,46.732,1013.220,30.090,0.250,39.0824699,-75.8750149,-9.908,-0.685,4.175,7.482,25,13:24:54,-10.006,0.783,-0.359,-0.100,-0.183,0.023,0.032,0.1,-0.008,21.583,3.949
61.194,4,39.045,-75.955,7.805,-0.571,-1.231,-6.336,-0.086,-0.844,0.171,687.037,0.000,169.593,47.004,1013.440,30.080,-1.581,39.0824663,-75.8749990,-11.885,-1.378,4.767,7.217,22,13:24:54,-9.927,1.228,0.546,0.119,-0.104,-0.070,0.032,0.1,0.006,21.581,3.949
61.463,4,39.049,-75.950,5.823,-0.560,-1.222,-6.477,-0.902,-1.308,0.109,687.037,0.000,170.625,47.273,1013.670,30.080,-3.494,39.0824656,-75.8749881,-13.660,-0.761,4.942,8.863,25,13:24:54,-10.042,0.244,0.158,0.153,-0.072,-0.089,0.032,0.1,-0.043,21.578,3.954
61.737,4,39.038,-75.953,4.086,-0.766,-1.238,-6.410,-1.571,-1.073,-0.305,687.037,0.000,171.204,47.550,1013.860,30.080,-5.074,39.0824640,-75.8749641,-17.535,-0.413,5.009,10.856,22,13:24:55,-9.675,-0.086,-0.582,0.217,-0.164,0.060,0.032,0.1,-0.013,21.587,3.960
62.011,4,39.028,-75.949,2.607,-0.880,-1.119,-6.287,-0.899,-0.573,-1.013,687.037,0.000,169.256,47.821,1014.060,30.070,-6.738,39.0824631,-75.8749521,-19.659,-0.458,4.875,11.094,23,13:24:55,-8.821,0.840,-0.115,0.130,-0.198,0.126,0.032,0.1,0.017,21.585,3.949
62.286,4,39.029,-75.938,0.842,-0.792,-0.928,-6.451,-0.170,-0.329,-0.682,687.037,0.000,168.295,48.095,1014.280,30.070,-8.567,39.0824640,-75.8749356,-23.475,0.586,4.250,13.638,25,13:24:55,-8.971,1.645,0.524,0.187,-0.053,-0.055,0.032,0.1,0.019,21.576,3.949
62.584,6,39.000,-76.296,1.409,-0.358,-5.686,2.981,19.753,19.087,-19.814,687.037,0.000,127.530,0.000,1014.480,30.020,-10.229,39.0824659,-75.8749202,-27.314,1.038,4.023,13.627,27,13:24:56,26.792,9.302,7.089,1.038,2.474,5.714,0.021,0.1,0.031,21.576,3.937
62.840,6,38.991,-75.937,-1.678,-1.599,-0.056,0.130,-4.053,0.924,2.824,687.037,0.000,63.811,0.248,1014.620,30.010,-11.393,39.0824692,-75.8749111,-29.859,2.987,3.556,12.426,24,13:24:56,5.789,9.115,-7.765,-0.268,1.532,2.058,0.021,0.1,-0.018,21.571,3.954
63.114,6,39.082,-75.853,-2.809,-0.153,0.486,-2.004,-7.805,2.309,1.866,687.037,0.000,62.053,0.522,1014.720,30.040,-12.224,39.0824712,-75.8749022,-31.864,0.819,2.547,5.470,26,13:24:56,8.188,7.880,-8.569,-0.435,0.032,-1.430,0.019,0.1,0.038,21.560,3.954
63.387,6,38.980,-75.748,-3.014,-1.751,1.588,-2.088,-0.422,-9.732,10.583,687.037,0.000,62.905,0.795,1014.720,30.050,-12.224,39.0824673,-75.8748956,-31.900,-0.614,1.040,0.938,27,13:24:56,0.970,21.972,-5.200,-0.145,0.023,0.036,0.018,0.1,-0.004,21.549,3.943
63.653,6,38.946,-75.832,-3.003,-2.303,0.373,-1.724,-3.711,-3.442,-0.702,687.037,0.000,62.996,1.064,1014.730,30.070,-12.307,39.0824658,-75.8748953,-31.713,0.022,0.003,-0.153,28,13:24:57,0.776,8.663,-5.739,-0.149,0.006,0.055,0.018,0.1,-0.022,21.562,3.954
63.927,6,38.925,-75.895,-2.764,-2.524,-0.580,-1.356,-2.630,-3.434,-0.770,687.037,0.000,63.490,1.335,1014.670,30.060,-11.809,39.0824649,-75.8748955,-31.385,0.101,0.023,0.106,28,13:24:57,0.790,8.813,-4.705,0.102,0.004,-0.023,0.018,0.1,-0.003,21.583,3.960
64.202,6,38.914,-75.945,-3.078,-2.643,-1.276,-1.545,-2.808,-3.316,-0.803,687.037,0.000,64.419,1.610,1014.740,30.050,-12.391,39.0824637,-75.8748956,-31.071,0.030,-0.044,-0.010,27,13:24:57,0.704,8.698,-4.884,-0.011,0.055,0.015,0.018,0.1,0.008,21.576,3.960
64.471,6,38.917,-75.976,-2.888,-2.691,-1.767,-1.234,-2.704,-2.995,-0.858,687.037,0.000,65.091,1.879,1014.700,30.060,-12.058,39.0824627,-75.8748956,-30.825,0.100,0.084,0.116,27,13:24:57,0.848,8.505,-4.834,-0.085,0.021,0.028,0.018,0.1,0.015,21.562,3.954
64.739,6,38.912,-76.002,-3.084,-2.727,-2.117,-1.301,-2.637,-3.105,-0.826,687.037,0.000,65.726,2.146,1014.760,30.070,-12.557,39.0824610,-75.8748960,-30.474,-0.052,-0.051,-0.148,27,13:24:58,0.654,8.562,-4.856,0.000,0.043,-0.028,0.018,0.1,-0.007,21.553,3.949
65.015,6,38.905,-76.023,-3.127,-2.743,-2.369,-1.207,-2.526,-2.968,-0.756,687.037,0.000,66.086,2.423,1014.750,30.060,-12.474,39.0824589,-75.8748971,-30.013,0.006,0.021,0.013,27,13:24:58,0.776,8.584,-4.784,0.066,0.006,0.013,0.018,0.1,-0.008,21.530,3.954
65.291,6,38.903,-76.039,-2.958,-2.738,-2.555,-0.973,-2.485,-2.919,-0.742,687.037,0.000,66.386,2.699,1014.710,30.050,-12.141,39.0824570,-75.8748976,-29.508,0.030,-0.002,0.021,27,13:24:58,0.769,8.591,-4.748,-0.009,-0.038,0.119,0.018,0.1,0.007,21.551,3.954
